?l?sk Wroc?aw,https://cdn.sofifa.org/teams/4/light/111092.png,66.3889,69,3
?stanbul Ba?ak?ehir FK,https://cdn.sofifa.org/teams/4/light/101014.png,74.7778,76.8333,3.5
Aalborg BK,https://cdn.sofifa.org/teams/4/light/820.png,65.1667,67.45,3
Aalesunds FK,https://cdn.sofifa.org/teams/4/light/1755.png,64.1111,66.2333,3
Aarhus GF,https://cdn.sofifa.org/teams/4/light/271.png,66.0556,67.6167,3
Aberdeen,https://cdn.sofifa.org/teams/4/light/77.png,67.6667,70.1833,3
AC Ajaccio,https://cdn.sofifa.org/teams/4/light/614.png,66.0556,69.7056,3
AC Horsens,https://cdn.sofifa.org/teams/4/light/1446.png,61.1667,64.1,1.5
Accrington Stanley,https://cdn.sofifa.org/teams/4/light/110313.png,59.8889,62.4778,1
AD Alcorcón,https://cdn.sofifa.org/teams/4/light/100831.png,69.0556,70.1278,3
Adelaide United,https://cdn.sofifa.org/teams/4/light/111393.png,63.6667,67.6667,3
ADO Den Haag,https://cdn.sofifa.org/teams/4/light/650.png,68.1667,69.8667,3
AEK Athens,https://cdn.sofifa.org/teams/4/light/278.png,72.2778,74.0278,3.5
AFC Eskilstuna,https://cdn.sofifa.org/teams/4/light/112171.png,63,65.9,3
AFC Wimbledon,https://cdn.sofifa.org/teams/4/light/112259.png,64.3333,65.6667,3
Águilas Doradas,https://cdn.sofifa.org/teams/4/light/112578.png,67.8889,69.6,3
AIK Solna,https://cdn.sofifa.org/teams/4/light/433.png,67,69.9,3
AJ Auxerre,https://cdn.sofifa.org/teams/4/light/57.png,68.3889,70.6778,3
Ajax,https://cdn.sofifa.org/teams/4/light/245.png,76.1111,77.3333,4
Akhisar Belediyespor,https://cdn.sofifa.org/teams/4/light/111340.png,70.2778,71.8111,3.5
Al Ahli,https://cdn.sofifa.org/teams/4/light/112387.png,71.4444,73.6889,3.5
Al Batin,https://cdn.sofifa.org/teams/4/light/112990.png,61.6667,63.4667,1.5
Al Faisaly,https://cdn.sofifa.org/teams/4/light/112389.png,65.7222,67.7444,3
Al Fateh,https://cdn.sofifa.org/teams/4/light/112390.png,64.1667,65.55,3
Al Fayha,https://cdn.sofifa.org/teams/4/light/113057.png,66.3333,68.8,3
Al Hilal,https://cdn.sofifa.org/teams/4/light/605.png,72.6111,74.5611,3.5
Al Ittihad,https://cdn.sofifa.org/teams/4/light/607.png,68.1667,71.2333,3
Al Nassr,https://cdn.sofifa.org/teams/4/light/112139.png,69.9444,71.9944,3
Al Qadisiyah,https://cdn.sofifa.org/teams/4/light/112391.png,64.6111,66.9833,3
Al Raed,https://cdn.sofifa.org/teams/4/light/112392.png,64.7222,67.1444,3
Al Shabab,https://cdn.sofifa.org/teams/4/light/111674.png,65.8889,67.7889,3
Al Taawoun,https://cdn.sofifa.org/teams/4/light/112393.png,64.7222,66.9444,3
Alanyaspor,https://cdn.sofifa.org/teams/4/light/113142.png,70.4444,72.9333,3.5
Albacete Balompié,https://cdn.sofifa.org/teams/4/light/1854.png,68,69.5,3
Albirex Niigata,https://cdn.sofifa.org/teams/4/light/112906.png,62.0556,64.3111,2
Alianza Petrolera,https://cdn.sofifa.org/teams/4/light/112579.png,65.7778,67.2222,3
Amiens SC Football,https://cdn.sofifa.org/teams/4/light/1816.png,72.4444,73.9444,3.5
Amkar Perm,https://cdn.sofifa.org/teams/4/light/110234.png,67.5,69.45,3
Angers SCO,https://cdn.sofifa.org/teams/4/light/1530.png,73.8889,75.9111,3.5
Antalyaspor,https://cdn.sofifa.org/teams/4/light/741.png,73.8333,76.65,3.5
Argentinos Juniors,https://cdn.sofifa.org/teams/4/light/111019.png,64.6111,67.1833,3
Arka Gdynia,https://cdn.sofifa.org/teams/4/light/111082.png,65.2222,66.9222,3
Arsenal,https://cdn.sofifa.org/teams/4/light/1.png,82.6111,84.6833,5
Arsenal de Sarandí,https://cdn.sofifa.org/teams/4/light/110394.png,66.2222,68.1667,3
Arsenal Tula,https://cdn.sofifa.org/teams/4/light/110756.png,68.8889,71.3889,3
AS Monaco,https://cdn.sofifa.org/teams/4/light/69.png,79.8333,82.5,4.5
AS Nancy Lorraine,https://cdn.sofifa.org/teams/4/light/1823.png,70.2778,71.8278,3.5
AS Saint-Étienne,https://cdn.sofifa.org/teams/4/light/1819.png,74.8889,77.5778,3.5
Ascoli,https://cdn.sofifa.org/teams/4/light/1847@2x.png,66.1667,67.4333,3
Asociacion Deportivo Cali,https://cdn.sofifa.org/teams/4/light/101102.png,70.2778,72.5278,3.5
Associação Atlética Ponte Preta,https://cdn.sofifa.org/teams/4/light/111043.png,69.8333,72.0833,3
Associação Chapecoense de Futebol,https://cdn.sofifa.org/teams/4/light/112476.png,69.0556,71.3167,3
Aston Villa,https://cdn.sofifa.org/teams/4/light/2.png,73.7778,74.7,3.5
Atalanta,https://cdn.sofifa.org/teams/4/light/39.png,75.2222,77.4444,4
Athletic Club de Bilbao,https://cdn.sofifa.org/teams/4/light/448.png,79.0556,81.3056,4.5
Atiker Konyaspor,https://cdn.sofifa.org/teams/4/light/101033.png,71,73.2,3.5
Atlanta United FC,https://cdn.sofifa.org/teams/4/light/112885.png,70.1667,73.45,3.5
Atlético Bucaramanga,https://cdn.sofifa.org/teams/4/light/112992.png,65.8333,68,3
Atlético Clube Goianiense,https://cdn.sofifa.org/teams/4/light/112119.png,67.3889,70.1556,3
Atlético Huila,https://cdn.sofifa.org/teams/4/light/112528.png,65.8333,67.8,3
Atlético Madrid,https://cdn.sofifa.org/teams/4/light/240.png,83.0556,85.0222,5
Atletico Nacional Medellin,https://cdn.sofifa.org/teams/4/light/101100.png,71.6667,74.2,3.5
Atlético Tucumán,https://cdn.sofifa.org/teams/4/light/111708.png,68.8333,69.8167,3
Audax Italiano,https://cdn.sofifa.org/teams/4/light/101097.png,68.8333,70.2167,3
Avaí Futebol Clube,https://cdn.sofifa.org/teams/4/light/111976.png,68.7778,70.9556,3
Avellino,https://cdn.sofifa.org/teams/4/light/2038.png,66.8333,68.4,3
AZ Alkmaar,https://cdn.sofifa.org/teams/4/light/1906.png,71.8889,73.7167,3.5
Bahía Blanca,https://cdn.sofifa.org/teams/4/light/110398.png,66.8333,68.7833,3
Banfield,https://cdn.sofifa.org/teams/4/light/110404.png,68.2222,72.3444,3
Bari,https://cdn.sofifa.org/teams/4/light/1848.png,70.5,72.2,3.5
Barnet,https://cdn.sofifa.org/teams/4/light/135.png,61.0556,62.8167,1.5
Barnsley,https://cdn.sofifa.org/teams/4/light/1932.png,66.5556,68.4,3
Bayer 04 Leverkusen,https://cdn.sofifa.org/teams/4/light/32.png,78.2222,80.5667,4.5
Be?ikta? JK,https://cdn.sofifa.org/teams/4/light/327.png,78.2778,80.6278,4.5
Belgrano de Córdoba,https://cdn.sofifa.org/teams/4/light/111022.png,67.1667,69.7333,3
Benevento Calcio,https://cdn.sofifa.org/teams/4/light/112026.png,71.9444,73.3944,3.5
Birmingham City,https://cdn.sofifa.org/teams/4/light/88.png,71.7778,73.1333,3.5
BK Häcken,https://cdn.sofifa.org/teams/4/light/711.png,67.5556,69.1556,3
Blackburn Rovers,https://cdn.sofifa.org/teams/4/light/3.png,67.4444,68.7,3
Blackpool,https://cdn.sofifa.org/teams/4/light/1926.png,62.8889,64.4,2
Boavista FC,https://cdn.sofifa.org/teams/4/light/1898.png,71.1667,72.7333,3.5
Boca Juniors,https://cdn.sofifa.org/teams/4/light/1877.png,74.1667,75.8333,3.5
Bohemian FC,https://cdn.sofifa.org/teams/4/light/305.png,57.6667,59.2333,1
Bologna,https://cdn.sofifa.org/teams/4/light/189.png,75.1667,76.5667,4
Bolton Wanderers,https://cdn.sofifa.org/teams/4/light/4.png,67.8889,68.9111,3
Borussia Dortmund,https://cdn.sofifa.org/teams/4/light/22.png,82,83.9,5
Borussia Mönchengladbach,https://cdn.sofifa.org/teams/4/light/23.png,78.1111,80.1111,4.5
Botafogo de Futebol e Regatas,https://cdn.sofifa.org/teams/4/light/517.png,72.9444,74.5944,3.5
Bourg en Bresse Péronnas 01,https://cdn.sofifa.org/teams/4/light/110576.png,65.6667,67.6667,3
Bournemouth,https://cdn.sofifa.org/teams/4/light/1943.png,75.4444,77.2333,4
Bradford City,https://cdn.sofifa.org/teams/4/light/1804.png,64.8333,66.5167,3
Bray Wanderers,https://cdn.sofifa.org/teams/4/light/838.png,57.3889,59.4778,1
Brentford,https://cdn.sofifa.org/teams/4/light/1925.png,70.2222,71.8,3.5
Brescia,https://cdn.sofifa.org/teams/4/light/190.png,66.5,68.6,3
Brighton & Hove Albion,https://cdn.sofifa.org/teams/4/light/1808.png,74.2778,75.9556,3.5
Brisbane Roar,https://cdn.sofifa.org/teams/4/light/111395.png,65.8333,69.0833,3
Bristol City,https://cdn.sofifa.org/teams/4/light/1919.png,70.1111,71.6222,3.5
Bristol Rovers,https://cdn.sofifa.org/teams/4/light/1962.png,64.1111,65.5444,3
Brøndby IF,https://cdn.sofifa.org/teams/4/light/269.png,68.9444,71.2056,3
BSC Young Boys,https://cdn.sofifa.org/teams/4/light/900.png,67.8333,71.6667,3
Burnley,https://cdn.sofifa.org/teams/4/light/1796.png,74.9444,76.5,3.5
Bursaspor,https://cdn.sofifa.org/teams/4/light/742.png,72.0556,73.6167,3.5
Burton Albion,https://cdn.sofifa.org/teams/4/light/15015.png,67.8889,69.0778,3
Bury,https://cdn.sofifa.org/teams/4/light/1945.png,65.3889,66.8778,3
C.D. Leonesa S.A.D.,https://cdn.sofifa.org/teams/4/light/15012.png,67.8889,69.4,3
CA Osasuna,https://cdn.sofifa.org/teams/4/light/479.png,72.8889,73.7111,3.5
Cádiz C.F.,https://cdn.sofifa.org/teams/4/light/1968.png,69.9444,71.1056,3
Cagliari,https://cdn.sofifa.org/teams/4/light/1842.png,73.5,75.25,3.5
Cambridge United,https://cdn.sofifa.org/teams/4/light/1944.png,62.5,64.05,2
Cardiff City,https://cdn.sofifa.org/teams/4/light/1961.png,70.1111,71.0333,3.5
Carlisle United,https://cdn.sofifa.org/teams/4/light/1480.png,62,64,2
Carpi,https://cdn.sofifa.org/teams/4/light/112409.png,67.1111,69.7222,3
CD America de Cali,https://cdn.sofifa.org/teams/4/light/101099.png,68.3333,69.3,3
CD Antofagasta,https://cdn.sofifa.org/teams/4/light/112533.png,70.7222,72.3278,3.5
CD Aves,https://cdn.sofifa.org/teams/4/light/666.png,71.9444,73.0056,3.5
CD Feirense,https://cdn.sofifa.org/teams/4/light/10019.png,69.2778,70.9556,3
CD Huachipato,https://cdn.sofifa.org/teams/4/light/111327.png,70.6667,72,3.5
CD Leganés,https://cdn.sofifa.org/teams/4/light/100888.png,75.0556,75.9334,4
CD Los Millionarios Bogota,https://cdn.sofifa.org/teams/4/light/101105.png,69.4444,71.4333,3
CD Lugo,https://cdn.sofifa.org/teams/4/light/110831.png,68.8333,69.9,3
CD Numancia,https://cdn.sofifa.org/teams/4/light/477.png,69.2222,70.3222,3
CD O'Higgins,https://cdn.sofifa.org/teams/4/light/112116.png,73.5,74.975,3.5
CD Once Caldas Manizales,https://cdn.sofifa.org/teams/4/light/101106.png,68.3333,70.5667,3
CD Palestino,https://cdn.sofifa.org/teams/4/light/111328.png,66.8333,68.8,3
CD Tenerife,https://cdn.sofifa.org/teams/4/light/260.png,70.8333,72.3167,3.5
CD Universidad de Concepción,https://cdn.sofifa.org/teams/4/light/112534.png,72.8333,73.8,3.5
Celtic,https://cdn.sofifa.org/teams/4/light/78.png,73.7778,74.8222,3.5
Central Coast Mariners,https://cdn.sofifa.org/teams/4/light/111396.png,63.6667,66.1,3
Cerezo Osaka,https://cdn.sofifa.org/teams/4/light/101148.png,66.6667,69.8,3
Cesena,https://cdn.sofifa.org/teams/4/light/110915.png,66.8889,69.7778,3
CF Os Belenenses,https://cdn.sofifa.org/teams/4/light/1889.png,70.8889,72.4,3.5
CF Reus Deportiu,https://cdn.sofifa.org/teams/4/light/110854.png,68.7222,69.7722,3
Chacarita Juniors,https://cdn.sofifa.org/teams/4/light/110405.png,63.7778,66.3778,3
Chamois Niortais FC,https://cdn.sofifa.org/teams/4/light/1813.png,65.6111,67.4611,3
Charlton Athletic,https://cdn.sofifa.org/teams/4/light/89.png,66.2222,68.1667,3
Chelsea,https://cdn.sofifa.org/teams/4/light/5.png,83.8333,86.1167,5
Cheltenham Town,https://cdn.sofifa.org/teams/4/light/1936.png,61.1111,62.1444,1.5
Chemnitzer FC,https://cdn.sofifa.org/teams/4/light/507.png,64.5556,66.6,3
Chesterfield,https://cdn.sofifa.org/teams/4/light/1924.png,62.6111,63.6,2
Chicago Fire Soccer Club,https://cdn.sofifa.org/teams/4/light/693.png,69.3889,72.5556,3
Chievo Verona,https://cdn.sofifa.org/teams/4/light/192.png,75.3333,77.2,4
Cittadella,https://cdn.sofifa.org/teams/4/light/111993.png,64.1667,65.8333,3
Clermont Foot 63,https://cdn.sofifa.org/teams/4/light/1815.png,65,66.5,3
Club América,https://cdn.sofifa.org/teams/4/light/1879.png,71.7222,73.8278,3.5
Club Atlas,https://cdn.sofifa.org/teams/4/light/101114.png,71,73.1,3.5
Club Atlético Huracán,https://cdn.sofifa.org/teams/4/light/111711.png,71.0556,72.8167,3.5
Club Atlético Lanús,https://cdn.sofifa.org/teams/4/light/110395.png,72.3333,74.5,3.5
Club Atlético Patronato,https://cdn.sofifa.org/teams/4/light/110581.png,66.6667,68.4667,3
Club Atlético Tigre,https://cdn.sofifa.org/teams/4/light/111715.png,69.2778,71.5556,3
Club Brugge KV,https://cdn.sofifa.org/teams/4/light/231.png,73.7222,75.1722,3.5
Club de Deportes Temuco,https://cdn.sofifa.org/teams/4/light/112709.png,68.1667,70.0167,3
Club León,https://cdn.sofifa.org/teams/4/light/110781.png,71.8889,74.0889,3.5
Club Tijuana,https://cdn.sofifa.org/teams/4/light/111678.png,71.7778,73.7,3.5
Clube Atlético Mineiro,https://cdn.sofifa.org/teams/4/light/1035.png,72.2222,74.0444,3.5
Clube Atlético Paranaense,https://cdn.sofifa.org/teams/4/light/1039.png,71.2222,73.6222,3.5
Colchester United,https://cdn.sofifa.org/teams/4/light/1935.png,63.2778,64.6556,3
Colo-Colo,https://cdn.sofifa.org/teams/4/light/110980.png,75.0556,76.3111,4
Colon de Santa Fe,https://cdn.sofifa.org/teams/4/light/110406.png,69.7222,71.6722,3
Colorado Rapids,https://cdn.sofifa.org/teams/4/light/694.png,68.1667,70.4834,3
Columbus Crew SC,https://cdn.sofifa.org/teams/4/light/687.png,70.3333,72.7333,3.5
Córdoba CF,https://cdn.sofifa.org/teams/4/light/1867.png,68.4444,70.1889,3
Coritiba Foot Ball Club,https://cdn.sofifa.org/teams/4/light/111044.png,70.7778,72.3333,3.5
Cork City,https://cdn.sofifa.org/teams/4/light/422.png,59.4444,61.8889,1
Corporación Club Deportivo Tuluá,https://cdn.sofifa.org/teams/4/light/112934.png,65.1111,67.6222,3
Coventry City,https://cdn.sofifa.org/teams/4/light/1800.png,63.1667,65.2167,3
CPD Junior Barranquilla,https://cdn.sofifa.org/teams/4/light/101101.png,70.7222,72.5167,3.5
Cracovia,https://cdn.sofifa.org/teams/4/light/110747.png,65.2778,67.2556,3
Crawley Town,https://cdn.sofifa.org/teams/4/light/110890.png,62.0556,63.7167,2
Cremonese,https://cdn.sofifa.org/teams/4/light/111434.png,68.8333,70.85,3
Crewe Alexandra,https://cdn.sofifa.org/teams/4/light/121.png,59.3333,62.9,1
Crotone,https://cdn.sofifa.org/teams/4/light/110734.png,70.2222,71.5889,3.5
Cruz Azul,https://cdn.sofifa.org/teams/4/light/1878.png,71.8889,73.7111,3.5
Cruzeiro,https://cdn.sofifa.org/teams/4/light/568.png,73,74.5,3.5
Crystal Palace,https://cdn.sofifa.org/teams/4/light/1799.png,76.2778,78.3833,4
CS Marítimo,https://cdn.sofifa.org/teams/4/light/1893.png,70.5,72.85,3.5
CSKA Moscow,https://cdn.sofifa.org/teams/4/light/315.png,74.6111,78.2389,3.5
Curicó Unido,https://cdn.sofifa.org/teams/4/light/112655.png,66.8333,68.4833,3
D.C. United,https://cdn.sofifa.org/teams/4/light/688.png,68.1111,70.2222,3
Daegu FC,https://cdn.sofifa.org/teams/4/light/2056.png,64.8889,66.4778,3
Defensa y Justicia,https://cdn.sofifa.org/teams/4/light/111710.png,68.3889,70.7389,3
Deportes Iquique,https://cdn.sofifa.org/teams/4/light/112531.png,72,73.4,3.5
Deportes Tolima,https://cdn.sofifa.org/teams/4/light/111722.png,68.5,70.7,3
Deportivo Alavés,https://cdn.sofifa.org/teams/4/light/463.png,75.0556,76.2167,4
Deportivo Pasto,https://cdn.sofifa.org/teams/4/light/111723.png,66.3889,67.9778,3
Deportivo Toluca,https://cdn.sofifa.org/teams/4/light/1882.png,70.3889,72.9778,3.5
Derby County,https://cdn.sofifa.org/teams/4/light/91.png,71.9444,73.2944,3.5
Derry City,https://cdn.sofifa.org/teams/4/light/445.png,58.2778,60.4556,1
Dijon FCO,https://cdn.sofifa.org/teams/4/light/110569.png,71.8889,73.2778,3.5
Dinamo Moscow,https://cdn.sofifa.org/teams/4/light/312.png,71.1667,72.9333,3.5
Djurgårdens IF,https://cdn.sofifa.org/teams/4/light/710.png,67,70.6,3
Doncaster Rovers,https://cdn.sofifa.org/teams/4/light/142.png,63.8333,65.2,3
Drogheda United,https://cdn.sofifa.org/teams/4/light/1572.png,55.8889,57.1667,0.5
DSC Arminia Bielefeld,https://cdn.sofifa.org/teams/4/light/159.png,68.3889,69.8167,3
Dundalk,https://cdn.sofifa.org/teams/4/light/837.png,61.3889,63.4,1.5
Dundee FC,https://cdn.sofifa.org/teams/4/light/180.png,63.2222,65.1444,3
Eintracht Braunschweig,https://cdn.sofifa.org/teams/4/light/110500.png,69.5556,70.9,3
Eintracht Frankfurt,https://cdn.sofifa.org/teams/4/light/1824.png,76.3889,78.0389,4
Empoli,https://cdn.sofifa.org/teams/4/light/1746.png,68,70.7,3
En Avant de Guingamp,https://cdn.sofifa.org/teams/4/light/62.png,73.7778,75.4,3.5
Envigado FC,https://cdn.sofifa.org/teams/4/light/112526.png,63.5556,65.5556,3
ES Troyes AC,https://cdn.sofifa.org/teams/4/light/294.png,70.1111,72.1333,3.5
Estoril Praia,https://cdn.sofifa.org/teams/4/light/10020.png,69.6111,71.2611,3
Estudiantes de La Plata,https://cdn.sofifa.org/teams/4/light/101083.png,71,72.7,3.5
Ettifaq FC,https://cdn.sofifa.org/teams/4/light/112096.png,62.9444,65.1056,2
Everton,https://cdn.sofifa.org/teams/4/light/7.png,80.2778,81.8722,4.5
Everton de Viña del Mar,https://cdn.sofifa.org/teams/4/light/112584.png,71.9444,73,3.5
Evkur Yeni Malatyaspor,https://cdn.sofifa.org/teams/4/light/113259.png,68.7778,71.1778,3
Excelsior,https://cdn.sofifa.org/teams/4/light/1971.png,67.6111,69.2444,3
Exeter City,https://cdn.sofifa.org/teams/4/light/143.png,62.7778,64.4778,2
F.B.C. Unione Venezia,https://cdn.sofifa.org/teams/4/light/205.png,67.0556,69.1167,3
F.C. Tokyo,https://cdn.sofifa.org/teams/4/light/101150.png,66.7222,69.0444,3
FC Admira Wacker Mödling,https://cdn.sofifa.org/teams/4/light/111821.png,63.2778,65.5083,3
FC Anzhi Makhachkala,https://cdn.sofifa.org/teams/4/light/100766.png,68.8889,70.8778,3
FC Augsburg,https://cdn.sofifa.org/teams/4/light/100409.png,74.5556,76.3111,3.5
FC Barcelona,https://cdn.sofifa.org/teams/4/light/241.png,84.0556,86.7167,5
FC Barcelona B,https://cdn.sofifa.org/teams/4/light/110704.png,68.5,70.35,3
FC Basel,https://cdn.sofifa.org/teams/4/light/896.png,72.4444,75.5444,3.5
FC Bayern Munich,https://cdn.sofifa.org/teams/4/light/21.png,85.3889,88.0917,5
FC Carl Zeiss Jena,https://cdn.sofifa.org/teams/4/light/110591.png,62.9444,64.6,2
FC Dallas,https://cdn.sofifa.org/teams/4/light/695.png,70.0556,72.4056,3.5
FC Erzgebirge Aue,https://cdn.sofifa.org/teams/4/light/506.png,67.2778,68.2111,3
FC Groningen,https://cdn.sofifa.org/teams/4/light/1915.png,69.9444,71.6,3
FC Heidenheim,https://cdn.sofifa.org/teams/4/light/111235.png,68.5,70.15,3
FC Helsingør,https://cdn.sofifa.org/teams/4/light/113720.png,58.9444,61,1
FC Ingolstadt 04,https://cdn.sofifa.org/teams/4/light/111239.png,71.8333,73.4667,3.5
FC Kaiserslautern,https://cdn.sofifa.org/teams/4/light/29.png,68.8333,70.6833,3
FC Köln,https://cdn.sofifa.org/teams/4/light/31.png,76.5556,78.4,4
FC Krasnodar,https://cdn.sofifa.org/teams/4/light/112218.png,74.9444,77.0944,3.5
FC København,https://cdn.sofifa.org/teams/4/light/819.png,71.4444,73.1444,3.5
FC Lausanne-Sports,https://cdn.sofifa.org/teams/4/light/1862.png,63.4444,67.5444,3
FC Lorient,https://cdn.sofifa.org/teams/4/light/217.png,70.2222,72.5,3.5
FC Lugano,https://cdn.sofifa.org/teams/4/light/10032.png,64.8333,67.45,3
FC Luzern,https://cdn.sofifa.org/teams/4/light/897.png,64.5,67.05,3
FC Magdeburg,https://cdn.sofifa.org/teams/4/light/110588.png,65.7778,66.7,3
FC Metz,https://cdn.sofifa.org/teams/4/light/68.png,71.9444,73.2083,3.5
FC Midtjylland,https://cdn.sofifa.org/teams/4/light/1516.png,70.1111,71.6111,3.5
FC Nantes,https://cdn.sofifa.org/teams/4/light/71.png,74.0556,75.9111,3.5
FC Nordsjælland,https://cdn.sofifa.org/teams/4/light/1788.png,64.7222,66.9722,3
FC Nürnberg,https://cdn.sofifa.org/teams/4/light/171.png,69.7222,71.3444,3
FC Paços de Ferreira,https://cdn.sofifa.org/teams/4/light/1892.png,71.2222,72.9444,3.5
FC Porto,https://cdn.sofifa.org/teams/4/light/236.png,79.5,81,4.5
FC Red Bull Salzburg,https://cdn.sofifa.org/teams/4/light/191.png,69.9444,72.2,3
FC Rostov,https://cdn.sofifa.org/teams/4/light/110231.png,70.5,72.45,3.5
FC Schalke 04,https://cdn.sofifa.org/teams/4/light/34.png,77.5556,80.1556,4.5
FC Seoul,https://cdn.sofifa.org/teams/4/light/982.png,67.5556,69.8111,3
FC Sion,https://cdn.sofifa.org/teams/4/light/110770.png,68.3333,71.2667,3
FC SKA-Energiya Khabarovsk,https://cdn.sofifa.org/teams/4/light/110101.png,66.0556,67.2167,3
FC Sochaux-Montbéliard,https://cdn.sofifa.org/teams/4/light/226.png,67.0556,68.8111,3
FC St. Gallen,https://cdn.sofifa.org/teams/4/light/898.png,66.5,69.1,3
FC St. Pauli,https://cdn.sofifa.org/teams/4/light/110329.png,70.0556,71.8111,3.5
FC Thun,https://cdn.sofifa.org/teams/4/light/1715.png,61.7778,65.5222,1.5
FC Tosno,https://cdn.sofifa.org/teams/4/light/113704.png,67.6111,69.2833,3
FC Twente,https://cdn.sofifa.org/teams/4/light/1908.png,69.1111,70.2444,3
FC Ufa,https://cdn.sofifa.org/teams/4/light/110822.png,69.7778,72.2556,3
FC Union Berlin,https://cdn.sofifa.org/teams/4/light/1831.png,70.7222,72.3278,3.5
FC Ural,https://cdn.sofifa.org/teams/4/light/111264.png,67.7778,70,3
FC Utrecht,https://cdn.sofifa.org/teams/4/light/1903.png,71.7778,73.2556,3.5
FC Zürich,https://cdn.sofifa.org/teams/4/light/894.png,65.6111,68.2389,3
Fenerbahçe SK,https://cdn.sofifa.org/teams/4/light/326.png,77.6111,79.1833,4.5
Ferrara (SPAL),https://cdn.sofifa.org/teams/4/light/112791.png,72.9444,74.9056,3.5
Feyenoord,https://cdn.sofifa.org/teams/4/light/246.png,75.8889,77.7111,4
Finn Harps,https://cdn.sofifa.org/teams/4/light/111131.png,56.8889,58.4889,0.5
Fiorentina,https://cdn.sofifa.org/teams/4/light/110374.png,76.7778,78.1222,4
FK Austria Wien,https://cdn.sofifa.org/teams/4/light/256.png,67.5556,70.0556,3
FK Haugesund,https://cdn.sofifa.org/teams/4/light/1463.png,63.7222,65.8,3
Fleetwood Town,https://cdn.sofifa.org/teams/4/light/112260.png,63.1111,64.5222,3
Fluminense Football Club,https://cdn.sofifa.org/teams/4/light/567.png,72.0556,73.7167,3.5
Foggia,https://cdn.sofifa.org/teams/4/light/110911.png,66.2222,67.9444,3
Forest Green,https://cdn.sofifa.org/teams/4/light/561.png,60.3333,62.3667,1.5
Fortuna Düsseldorf,https://cdn.sofifa.org/teams/4/light/110636.png,70.1111,71.5222,3.5
Frosinone,https://cdn.sofifa.org/teams/4/light/111657.png,69.5556,71.5667,3
FSV Mainz 05,https://cdn.sofifa.org/teams/4/light/169.png,75.6111,76.5611,4
FSV Zwickau,https://cdn.sofifa.org/teams/4/light/110592.png,64.5,65.6,3
Fulham,https://cdn.sofifa.org/teams/4/light/144.png,72.6667,74.5,3.5
Galatasaray SK,https://cdn.sofifa.org/teams/4/light/325.png,76.7778,79.1556,4
Galway United,https://cdn.sofifa.org/teams/4/light/1571.png,56.0556,58.3056,0.5
Gamba Osaka,https://cdn.sofifa.org/teams/4/light/112093.png,67.2222,69.2889,3
Gangwon FC,https://cdn.sofifa.org/teams/4/light/112115.png,65.4444,66.9889,3
Gençlerbirli?i SK,https://cdn.sofifa.org/teams/4/light/101025.png,69.6111,71.2222,3
Genoa,https://cdn.sofifa.org/teams/4/light/110556.png,74.7778,76.7,3.5
Getafe CF,https://cdn.sofifa.org/teams/4/light/1860.png,73.7222,75.3444,3.5
GFC Ajaccio,https://cdn.sofifa.org/teams/4/light/110316.png,66.1111,68.8,3
GIF Sundsvall,https://cdn.sofifa.org/teams/4/light/1596.png,62.2778,64.1278,2
Gillingham,https://cdn.sofifa.org/teams/4/light/1802.png,62.1667,63.7333,2
Gimnasia y Esgrima La Plata,https://cdn.sofifa.org/teams/4/light/101084.png,68.9444,71.2056,3
Gimnàstic de Tarragona,https://cdn.sofifa.org/teams/4/light/15019.png,69.7222,71.3722,3
Girona CF,https://cdn.sofifa.org/teams/4/light/110062.png,74.2778,75.6833,3.5
Girondins de Bordeaux,https://cdn.sofifa.org/teams/4/light/59.png,75.2222,77.3667,4
Godoy Cruz,https://cdn.sofifa.org/teams/4/light/111706.png,68.8889,70.8556,3
Górnik Zabrze,https://cdn.sofifa.org/teams/4/light/420.png,63.3889,65.7,3
Göztepe,https://cdn.sofifa.org/teams/4/light/101026.png,70.8889,72.8,3.5
Granada CF,https://cdn.sofifa.org/teams/4/light/110832.png,72.4444,74.3889,3.5
Grasshopper Club Zürich,https://cdn.sofifa.org/teams/4/light/322.png,67.1111,70.0222,3
Grêmio Foot-Ball Porto Alegrense,https://cdn.sofifa.org/teams/4/light/1629.png,73.4444,75.1444,3.5
Grimsby Town,https://cdn.sofifa.org/teams/4/light/92.png,62.2222,64.4667,2
Grupo Desportivo de Chaves,https://cdn.sofifa.org/teams/4/light/518.png,71.9444,73.9,3.5
Guadalajara,https://cdn.sofifa.org/teams/4/light/1880.png,71.5556,73.9,3.5
GwangJu FC,https://cdn.sofifa.org/teams/4/light/112258.png,63.6667,66.3,3
Hallescher FC,https://cdn.sofifa.org/teams/4/light/110482.png,63.6111,64.9222,3
Halmstads BK,https://cdn.sofifa.org/teams/4/light/321.png,60.8333,63.1167,1.5
Hamburger SV,https://cdn.sofifa.org/teams/4/light/28.png,74.3889,76.3611,3.5
Hamilton Academical FC,https://cdn.sofifa.org/teams/4/light/184.png,62.6111,64.9222,2
Hammarby IF,https://cdn.sofifa.org/teams/4/light/708.png,65.7222,68.3278,3
Hannover 96,https://cdn.sofifa.org/teams/4/light/485.png,74.1111,75.8333,3.5
Hansa Rostock,https://cdn.sofifa.org/teams/4/light/27.png,65.4444,66.6,3
Heart of Midlothian,https://cdn.sofifa.org/teams/4/light/80.png,66.3333,69.3667,3
Hellas Verona,https://cdn.sofifa.org/teams/4/light/206.png,72.0556,74.1111,3.5
Heracles Almelo,https://cdn.sofifa.org/teams/4/light/100634.png,68.9444,70.5778,3
Hertha BSC Berlin,https://cdn.sofifa.org/teams/4/light/166.png,76.1667,78.35,4
Hibernian,https://cdn.sofifa.org/teams/4/light/81.png,65.2222,67.3222,3
HJK Helsinki,https://cdn.sofifa.org/teams/4/light/100325.png,63,65,3
Hobro IK,https://cdn.sofifa.org/teams/4/light/112425.png,63.4444,66.6556,3
Hokkaido Consadole Sapporo,https://cdn.sofifa.org/teams/4/light/112444.png,64.3333,66.3333,3
Holstein Kiel,https://cdn.sofifa.org/teams/4/light/576.png,67.2778,68.3556,3
Houston Dynamo,https://cdn.sofifa.org/teams/4/light/698.png,68.8333,70.2833,3
Huddersfield Town,https://cdn.sofifa.org/teams/4/light/1939.png,72.8889,74.4,3.5
Hull City,https://cdn.sofifa.org/teams/4/light/1952.png,72.2778,73.9556,3.5
IF Elfsborg,https://cdn.sofifa.org/teams/4/light/700.png,66.7222,69.0722,3
IFK Göteborg,https://cdn.sofifa.org/teams/4/light/319.png,65.1111,68.6111,3
IFK Norrköping,https://cdn.sofifa.org/teams/4/light/702.png,65.3333,68.2667,3
IK Sirius,https://cdn.sofifa.org/teams/4/light/113458.png,64.1667,65.35,3
Incheon United FC,https://cdn.sofifa.org/teams/4/light/110765.png,65.5556,67.2111,3
Independiente,https://cdn.sofifa.org/teams/4/light/110093.png,73.7778,75.2333,3.5
Independiente Medellín,https://cdn.sofifa.org/teams/4/light/101103.png,69,70.7,3
Independiente Santa Fe,https://cdn.sofifa.org/teams/4/light/101104.png,71.0556,72.5056,3.5
Inter,https://cdn.sofifa.org/teams/4/light/44.png,79.7222,82.7722,4.5
Ipswich Town,https://cdn.sofifa.org/teams/4/light/94.png,69.6667,70.6667,3
Jagiellonia Bia?ystok,https://cdn.sofifa.org/teams/4/light/110745.png,67.3889,68.7389,3
Jaguares Fútbol Club,https://cdn.sofifa.org/teams/4/light/112903.png,66.1111,67.0555,3
Jeju United FC,https://cdn.sofifa.org/teams/4/light/1478.png,68.6667,70.4667,3
Jeonbuk Hyundai Motors,https://cdn.sofifa.org/teams/4/light/1477.png,69.5,71.85,3
Jeonnam Dragons,https://cdn.sofifa.org/teams/4/light/1475.png,66.3333,68.6,3
Jönköpings Södra IF,https://cdn.sofifa.org/teams/4/light/112130.png,63.6111,65.0611,3
Júbilo Iwata,https://cdn.sofifa.org/teams/4/light/101144.png,63.9444,66.2889,3
Juventus,https://cdn.sofifa.org/teams/4/light/45.png,85.4444,87.7778,5
KAA Gent,https://cdn.sofifa.org/teams/4/light/674.png,73.5556,74.6111,3.5
Kaizer Chiefs,https://cdn.sofifa.org/teams/4/light/110929.png,69.8333,72.15,3
Kalmar FF,https://cdn.sofifa.org/teams/4/light/1439.png,66,68.2,3
Kardemir Karabükspor,https://cdn.sofifa.org/teams/4/light/112122.png,70.0556,71.7222,3.5
Karlsruher SC,https://cdn.sofifa.org/teams/4/light/1832.png,66.4444,67.9,3
KAS Eupen,https://cdn.sofifa.org/teams/4/light/2013.png,67.8333,70.2,3
Kashima Antlers,https://cdn.sofifa.org/teams/4/light/101147.png,68.9444,70.7944,3
Kashiwa Reysol,https://cdn.sofifa.org/teams/4/light/101145.png,67.6111,70.2222,3
Kasimpa?a SK,https://cdn.sofifa.org/teams/4/light/111339.png,70,71.6,3.5
Kawasaki Frontale,https://cdn.sofifa.org/teams/4/light/111730.png,68.5,70.3,3
Kayserispor,https://cdn.sofifa.org/teams/4/light/101020.png,72.3333,74.1,3.5
Kilmarnock,https://cdn.sofifa.org/teams/4/light/82.png,64.3889,66.8389,3
Korona Kielce,https://cdn.sofifa.org/teams/4/light/111083.png,64.4444,66.9889,3
KRC Genk,https://cdn.sofifa.org/teams/4/light/673.png,72.1667,73.9,3.5
Kristiansund BK,https://cdn.sofifa.org/teams/4/light/113459.png,62.3333,63.9,2
KV Kortrijk,https://cdn.sofifa.org/teams/4/light/100081.png,69.3333,70.7333,3
KV Mechelen,https://cdn.sofifa.org/teams/4/light/110724.png,69.1111,70.6111,3
KV Oostende,https://cdn.sofifa.org/teams/4/light/682.png,71.5556,72.7667,3.5
La Berrichonne de Châteauroux,https://cdn.sofifa.org/teams/4/light/212.png,65.7778,67.7333,3
La Equidad,https://cdn.sofifa.org/teams/4/light/112523.png,66.9444,68.7944,3
LA Galaxy,https://cdn.sofifa.org/teams/4/light/697.png,70.2778,73.5278,3.5
La Spezia,https://cdn.sofifa.org/teams/4/light/110741.png,68.1667,70.2333,3
LASK Linz,https://cdn.sofifa.org/teams/4/light/252.png,63.9444,65.8,3
Lazio,https://cdn.sofifa.org/teams/4/light/46.png,78.9444,80.8056,4.5
Le Havre AC,https://cdn.sofifa.org/teams/4/light/1738.png,65.8889,68.1167,3
Lech Pozna?,https://cdn.sofifa.org/teams/4/light/873.png,70.1111,71.3111,3.5
Lechia Gda?sk,https://cdn.sofifa.org/teams/4/light/111091.png,68.9444,70.2944,3
Leeds United,https://cdn.sofifa.org/teams/4/light/8.png,71.7222,73.6444,3.5
Legia Warszawa,https://cdn.sofifa.org/teams/4/light/1871.png,71.0556,72.6222,3.5
Leicester City,https://cdn.sofifa.org/teams/4/light/95.png,77.7222,79.9611,4.5
Levante UD,https://cdn.sofifa.org/teams/4/light/1853.png,74.3333,75.4667,3.5
Lillestrøm SK,https://cdn.sofifa.org/teams/4/light/299.png,63.2778,65.9,3
Limerick FC,https://cdn.sofifa.org/teams/4/light/111285.png,56.8333,58.6,0.5
Lincoln City,https://cdn.sofifa.org/teams/4/light/149.png,61.6111,63.5222,1.5
Liverpool,https://cdn.sofifa.org/teams/4/light/9.png,81.3333,83,5
Lobos de la BUAP,https://cdn.sofifa.org/teams/4/light/111035.png,67.8333,70.35,3
Lokomotiv Moscow,https://cdn.sofifa.org/teams/4/light/100765.png,75.8889,78.3111,4
Lorca Deportiva CF,https://cdn.sofifa.org/teams/4/light/2026.png,66.8333,67.7833,3
LOSC Lille,https://cdn.sofifa.org/teams/4/light/65.png,72.7222,75.0278,3.5
Luton Town,https://cdn.sofifa.org/teams/4/light/1923.png,64.2222,66.1667,3
Lyngby BK,https://cdn.sofifa.org/teams/4/light/15001.png,65.1667,66.7667,3
Málaga CF,https://cdn.sofifa.org/teams/4/light/573.png,75.9444,77.4,4
Malmö FF,https://cdn.sofifa.org/teams/4/light/320.png,69.5,71.45,3
Manchester City,https://cdn.sofifa.org/teams/4/light/10.png,83.0556,85.1222,5
Manchester United,https://cdn.sofifa.org/teams/4/light/11.png,83.2778,85.4556,5
Mansfield Town,https://cdn.sofifa.org/teams/4/light/1940.png,64.1111,64.9556,3
Medicana Sivasspor,https://cdn.sofifa.org/teams/4/light/101041.png,70.4444,72.5,3.5
Melbourne City,https://cdn.sofifa.org/teams/4/light/112224.png,66.7778,69.1,3
Melbourne Victory,https://cdn.sofifa.org/teams/4/light/111397.png,65.7778,69.6222,3
Middlesbrough,https://cdn.sofifa.org/teams/4/light/12.png,72.6111,73.7389,3.5
Milan,https://cdn.sofifa.org/teams/4/light/47.png,79.7778,82.2778,4.5
Millwall,https://cdn.sofifa.org/teams/4/light/97.png,66.7778,67.9222,3
Milton Keynes Dons,https://cdn.sofifa.org/teams/4/light/1798.png,65.8333,67.225,3
Minnesota Thunder,https://cdn.sofifa.org/teams/4/light/111138.png,67.3333,69.3,3
Molde FK,https://cdn.sofifa.org/teams/4/light/417.png,67.1667,69.5333,3
Monarcas Morelia,https://cdn.sofifa.org/teams/4/light/1028.png,71.2778,73.0111,3.5
Monterrey,https://cdn.sofifa.org/teams/4/light/1032.png,74.1111,75.6333,3.5
Montpellier Hérault SC,https://cdn.sofifa.org/teams/4/light/70.png,73.5,75.2,3.5
Montreal Impact,https://cdn.sofifa.org/teams/4/light/111139.png,69.1667,72.0834,3
Morecambe,https://cdn.sofifa.org/teams/4/light/357.png,60.6667,62.3,1.5
Moreirense FC,https://cdn.sofifa.org/teams/4/light/1900.png,69.4444,71.0889,3
Motherwell,https://cdn.sofifa.org/teams/4/light/83.png,61.9444,64.5944,1.5
MSV Duisburg,https://cdn.sofifa.org/teams/4/light/1825.png,67.2778,68.2111,3
NAC Breda,https://cdn.sofifa.org/teams/4/light/1904.png,66.3889,67.3167,3
Napoli,https://cdn.sofifa.org/teams/4/light/48.png,80.9444,83.2889,4.5
Necaxa,https://cdn.sofifa.org/teams/4/light/101121.png,70.5556,72.9111,3.5
New England Revolution,https://cdn.sofifa.org/teams/4/light/691.png,69.0556,71.1222,3
New York City Football Club,https://cdn.sofifa.org/teams/4/light/112828.png,69.2222,72.8444,3
New York Red Bulls,https://cdn.sofifa.org/teams/4/light/689.png,68.9444,71.3944,3
Newcastle Jets,https://cdn.sofifa.org/teams/4/light/111398.png,62.4444,64.7,2
Newcastle United,https://cdn.sofifa.org/teams/4/light/13.png,75.2222,76.3444,4
Newell's Old Boys,https://cdn.sofifa.org/teams/4/light/110396.png,68.1667,70.5333,3
Newport County,https://cdn.sofifa.org/teams/4/light/112254.png,60.8333,62.3,1.5
Nîmes Olympique,https://cdn.sofifa.org/teams/4/light/224.png,67.1111,70.0222,3
Northampton Town,https://cdn.sofifa.org/teams/4/light/1930.png,64.6111,65.3611,3
Norwich City,https://cdn.sofifa.org/teams/4/light/1792.png,71.6667,73.3,3.5
Nottingham Forest,https://cdn.sofifa.org/teams/4/light/14.png,70.1111,71.0444,3.5
Notts County,https://cdn.sofifa.org/teams/4/light/1937.png,64.2222,65.5444,3
Novara,https://cdn.sofifa.org/teams/4/light/112225.png,66.9444,69.6083,3
Odds BK,https://cdn.sofifa.org/teams/4/light/1456.png,66.3333,68.5333,3
Odense Boldklub,https://cdn.sofifa.org/teams/4/light/272.png,64.6667,67.2333,3
OGC Nice,https://cdn.sofifa.org/teams/4/light/72.png,77.4444,79.8889,4.5
Ohod Club,https://cdn.sofifa.org/teams/4/light/113219.png,59.5,62.75,1
Oldham Athletic,https://cdn.sofifa.org/teams/4/light/1920.png,64.7778,65.9,3
Olympiakos CFP,https://cdn.sofifa.org/teams/4/light/280.png,75.5,76.45,4
Olympique de Marseille,https://cdn.sofifa.org/teams/4/light/219.png,78.1667,80.9167,4.5
Olympique Lyonnais,https://cdn.sofifa.org/teams/4/light/66.png,76.6111,78.8611,4
Omiya Ardija,https://cdn.sofifa.org/teams/4/light/112345.png,63.6111,65.9611,3
Örebro SK,https://cdn.sofifa.org/teams/4/light/705.png,63.6667,65.8333,3
Orlando City Soccer Club,https://cdn.sofifa.org/teams/4/light/112606.png,69.6667,71.8333,3
Orlando Pirates,https://cdn.sofifa.org/teams/4/light/110930.png,68.3333,70.3333,3
Osmanl?spor,https://cdn.sofifa.org/teams/4/light/112958.png,72.5556,74.3111,3.5
Östersunds FK,https://cdn.sofifa.org/teams/4/light/113173.png,65.8333,67.7833,3
Oxford United,https://cdn.sofifa.org/teams/4/light/1951.png,67.2222,69.2444,3
Pachuca,https://cdn.sofifa.org/teams/4/light/110147.png,72.1111,74.7222,3.5
Palermo,https://cdn.sofifa.org/teams/4/light/1843.png,69.8333,71.9,3
Panathinaikos FC,https://cdn.sofifa.org/teams/4/light/1884.png,72.3889,73.7167,3.5
PAOK Thessaloniki,https://cdn.sofifa.org/teams/4/light/393.png,74,75.2,3.5
Paris FC,https://cdn.sofifa.org/teams/4/light/111817.png,64.7778,66.1333,3
Paris Saint-Germain,https://cdn.sofifa.org/teams/4/light/73.png,83.5,85.75,5
Parma,https://cdn.sofifa.org/teams/4/light/50.png,69.3333,71.4333,3
Partick Thistle F.C.,https://cdn.sofifa.org/teams/4/light/1754.png,64.3889,65.8,3
Patriotas Boyacá FC,https://cdn.sofifa.org/teams/4/light/112527.png,64.6111,67.3222,3
PEC Zwolle,https://cdn.sofifa.org/teams/4/light/1914.png,68.2778,69.6556,3
Perth Glory,https://cdn.sofifa.org/teams/4/light/111399.png,64.8333,68.7,3
Perugia,https://cdn.sofifa.org/teams/4/light/199.png,67.5,69.5,3
Pescara,https://cdn.sofifa.org/teams/4/light/200.png,69.0556,70.3222,3
Peterborough United,https://cdn.sofifa.org/teams/4/light/1938.png,64.0556,66.0167,3
Philadelphia Union,https://cdn.sofifa.org/teams/4/light/112134.png,68.6111,70.8444,3
Piast Gliwice,https://cdn.sofifa.org/teams/4/light/111086.png,65.6111,67.2,3
Plymouth Argyle,https://cdn.sofifa.org/teams/4/light/1929.png,65.2778,66.4111,3
Pogo? Szczecin,https://cdn.sofifa.org/teams/4/light/110746.png,66.9444,69.1056,3
Pohang Steelers,https://cdn.sofifa.org/teams/4/light/1474.png,66.9444,68.8944,3
Port Vale,https://cdn.sofifa.org/teams/4/light/1928.png,62.3889,63.7167,2
Portimonense SC,https://cdn.sofifa.org/teams/4/light/10031.png,68.4444,70.0889,3
Portland Timbers,https://cdn.sofifa.org/teams/4/light/111140.png,69.9444,72.5944,3
Portsmouth,https://cdn.sofifa.org/teams/4/light/1790.png,65.1111,66.0444,3
Preston North End,https://cdn.sofifa.org/teams/4/light/1801.png,68.8889,70.3,3
PSV,https://cdn.sofifa.org/teams/4/light/247.png,74.7222,76.6,3.5
Puebla,https://cdn.sofifa.org/teams/4/light/110152.png,68.5,70.2,3
Queens Park Rangers,https://cdn.sofifa.org/teams/4/light/15.png,70.1667,71.3667,3.5
Querétaro,https://cdn.sofifa.org/teams/4/light/110150.png,69.9444,71.6944,3
Racing Club de Avellaneda,https://cdn.sofifa.org/teams/4/light/101085.png,72.3889,73.8167,3.5
Randers FC,https://cdn.sofifa.org/teams/4/light/1786.png,65.9444,67.9,3
Rangers,https://cdn.sofifa.org/teams/4/light/86.png,71.2222,72.8889,3.5
Rayo Vallecano,https://cdn.sofifa.org/teams/4/light/480.png,72.7222,74.3444,3.5
RB Leipzig,https://cdn.sofifa.org/teams/4/light/112172.png,77.0556,79.9111,4.5
RC Celta de Vigo,https://cdn.sofifa.org/teams/4/light/450.png,76.8333,79.1333,4
RC Deportivo de La Coruña,https://cdn.sofifa.org/teams/4/light/242.png,76.5,78.3,4
RC Lens,https://cdn.sofifa.org/teams/4/light/64.png,69.3333,71.0333,3
RC Strasbourg,https://cdn.sofifa.org/teams/4/light/76.png,71.1667,73.0333,3.5
RCD Espanyol,https://cdn.sofifa.org/teams/4/light/452.png,77.7222,79.3278,4.5
Reading,https://cdn.sofifa.org/teams/4/light/1793.png,71.9444,73.1,3.5
Real Betis Balompié,https://cdn.sofifa.org/teams/4/light/449.png,76.2222,78.6167,4
Real Madrid CF,https://cdn.sofifa.org/teams/4/light/243.png,84.4444,87.2,5
Real Oviedo,https://cdn.sofifa.org/teams/4/light/110827.png,70.4444,71.9889,3.5
Real Salt Lake,https://cdn.sofifa.org/teams/4/light/111065.png,68.5,70.7,3
Real Sociedad,https://cdn.sofifa.org/teams/4/light/457.png,78.8889,80.5111,4.5
Real Sporting de Gijón,https://cdn.sofifa.org/teams/4/light/459.png,72.7778,74.1,3.5
Real Valladolid,https://cdn.sofifa.org/teams/4/light/462.png,71.5556,73.1,3.5
Real Zaragoza,https://cdn.sofifa.org/teams/4/light/244.png,69.2778,70.8,3
Rio Ave FC,https://cdn.sofifa.org/teams/4/light/744.png,71.6111,73.6222,3.5
River Plate,https://cdn.sofifa.org/teams/4/light/1876.png,74.5,75.8,3.5
Rochdale,https://cdn.sofifa.org/teams/4/light/1955.png,64.5,65.85,3
Roda JC Kerkrade,https://cdn.sofifa.org/teams/4/light/1902.png,67.1111,68.3333,3
Roma,https://cdn.sofifa.org/teams/4/light/52.png,80.6667,82.7333,4.5
Rosario Central,https://cdn.sofifa.org/teams/4/light/110580.png,70,72.7,3.5
Rosenborg BK,https://cdn.sofifa.org/teams/4/light/298.png,69.6667,71.5,3
Ross County FC,https://cdn.sofifa.org/teams/4/light/631.png,64.5556,66.3,3
Rot-Weiß Erfurt,https://cdn.sofifa.org/teams/4/light/100424.png,63.5556,65.0556,3
Rotherham United,https://cdn.sofifa.org/teams/4/light/1797.png,65.4444,66.2444,3
Royal Antwerp FC,https://cdn.sofifa.org/teams/4/light/230.png,68.2778,70.5111,3
Royal Excel Mouscron,https://cdn.sofifa.org/teams/4/light/111560.png,65.7222,67.4444,3
RSC Anderlecht,https://cdn.sofifa.org/teams/4/light/229.png,75.1111,76.6222,4
Rubin Kazan,https://cdn.sofifa.org/teams/4/light/110227.png,74.2222,76.1667,3.5
Sagan Tosu,https://cdn.sofifa.org/teams/4/light/113160.png,66.1667,67.9333,3
Salernitana,https://cdn.sofifa.org/teams/4/light/110373.png,68.6111,70.0833,3
Sampdoria,https://cdn.sofifa.org/teams/4/light/1837.png,74.7778,76.3778,3.5
San Jose Earthquakes,https://cdn.sofifa.org/teams/4/light/111928.png,68.9444,70.9833,3
San Lorenzo de Almagro,https://cdn.sofifa.org/teams/4/light/1013.png,73.6667,76.4,3.5
San Luis de Quillota,https://cdn.sofifa.org/teams/4/light/112668.png,67.6111,69.4,3
San Martín de San Juan,https://cdn.sofifa.org/teams/4/light/111713.png,66.8889,69.1,3
Sandecja Nowy S?cz,https://cdn.sofifa.org/teams/4/light/112508.png,62.2778,64.4,2
Sandefjord Fotball,https://cdn.sofifa.org/teams/4/light/1757.png,63.1111,64.5555,3
Sanfrecce Hiroshima,https://cdn.sofifa.org/teams/4/light/113157.png,67,69.1,3
Sangju Sangmu FC,https://cdn.sofifa.org/teams/4/light/2055.png,68.2222,69.9889,3
Santiago Wanderers,https://cdn.sofifa.org/teams/4/light/110976.png,69.3889,70.9778,3
Santos Futebol Clube,https://cdn.sofifa.org/teams/4/light/1053.png,73.8333,75.4,3.5
Santos Laguna,https://cdn.sofifa.org/teams/4/light/110144.png,70.7222,72.7444,3.5
São Paulo Futebol Clube,https://cdn.sofifa.org/teams/4/light/598.png,70.2778,71.9111,3.5
Sarpsborg 08 FF,https://cdn.sofifa.org/teams/4/light/112199.png,65.0556,66.3222,3
Sassuolo,https://cdn.sofifa.org/teams/4/light/111974.png,75.7222,77.8167,4
SC Braga,https://cdn.sofifa.org/teams/4/light/1896.png,75.4444,76.3889,4
SC Fortuna Köln,https://cdn.sofifa.org/teams/4/light/110169.png,63.6667,65.3333,3
SC Freiburg,https://cdn.sofifa.org/teams/4/light/25.png,72.8889,74.2778,3.5
SC Heerenveen,https://cdn.sofifa.org/teams/4/light/1913.png,70.8333,72.9833,3.5
SC Paderborn 07,https://cdn.sofifa.org/teams/4/light/10030.png,63.6667,65.2,3
SC Preußen Münster,https://cdn.sofifa.org/teams/4/light/531.png,64.8333,65.925,3
SCR Altach,https://cdn.sofifa.org/teams/4/light/15009.png,65.4444,66.9444,3
Scunthorpe United,https://cdn.sofifa.org/teams/4/light/1949.png,65.7222,67.7,3
SD Eibar,https://cdn.sofifa.org/teams/4/light/467.png,76.7778,78.3,4
SD Huesca,https://cdn.sofifa.org/teams/4/light/110839.png,69.5556,70.8111,3
Seattle Sounders FC,https://cdn.sofifa.org/teams/4/light/111144.png,70.5556,73.7556,3.5
Sevilla Atlético,https://cdn.sofifa.org/teams/4/light/110714.png,67.5556,69.1,3
Sevilla FC,https://cdn.sofifa.org/teams/4/light/481.png,80.0556,81.2222,4.5
SG Dynamo Dresden,https://cdn.sofifa.org/teams/4/light/503.png,68.3333,69.3667,3
SG Sonnenhof Großaspach,https://cdn.sofifa.org/teams/4/light/111379.png,64.8333,66.6167,3
Shakhtar Donetsk,https://cdn.sofifa.org/teams/4/light/101059.png,77.4444,79.8444,4.5
Shamrock Rovers,https://cdn.sofifa.org/teams/4/light/306.png,59.8889,62.5,1
Sheffield United,https://cdn.sofifa.org/teams/4/light/1794.png,67.3889,68.5778,3
Sheffield Wednesday,https://cdn.sofifa.org/teams/4/light/1807.png,72.2778,73.2833,3.5
Shimizu S-Pulse,https://cdn.sofifa.org/teams/4/light/101149.png,65.9444,67.7833,3
Shrewsbury,https://cdn.sofifa.org/teams/4/light/127.png,63.2222,64.1444,3
Silkeborg IF,https://cdn.sofifa.org/teams/4/light/270.png,63,64.5,3
Sint-Truidense VV,https://cdn.sofifa.org/teams/4/light/680.png,67.8889,69.1111,3
SK Brann,https://cdn.sofifa.org/teams/4/light/919.png,66.6111,68.8222,3
SK Rapid Wien,https://cdn.sofifa.org/teams/4/light/254.png,68.5,69.95,3
SK Sturm Graz,https://cdn.sofifa.org/teams/4/light/209.png,66.5,68,3
SKN St. Pölten,https://cdn.sofifa.org/teams/4/light/112075.png,62,64,2
SL Benfica,https://cdn.sofifa.org/teams/4/light/234.png,78.9444,80.3944,4.5
Sligo Rovers,https://cdn.sofifa.org/teams/4/light/563.png,58.2778,60.3556,1
SM Caen,https://cdn.sofifa.org/teams/4/light/210.png,72.7778,74.1,3.5
Sociedade Esportiva Palmeiras,https://cdn.sofifa.org/teams/4/light/383.png,72.9444,74.5,3.5
Sogndal,https://cdn.sofifa.org/teams/4/light/1465.png,62.4444,64.9444,2
Southampton,https://cdn.sofifa.org/teams/4/light/17.png,77.8333,79.2833,4.5
Southend United,https://cdn.sofifa.org/teams/4/light/1954.png,65.5,67.9,3
Sparta Praha,https://cdn.sofifa.org/teams/4/light/267.png,72.2778,73.9556,3.5
Sparta Rotterdam,https://cdn.sofifa.org/teams/4/light/100646.png,67.1111,67.9556,3
Spartak Moscow,https://cdn.sofifa.org/teams/4/light/100767.png,76.5,78.45,4
Sport Club do Recife,https://cdn.sofifa.org/teams/4/light/111057.png,71.0556,73.3,3.5
Sportfreunde Lotte,https://cdn.sofifa.org/teams/4/light/110700.png,65.1111,66.4333,3
Sporting Charleroi,https://cdn.sofifa.org/teams/4/light/670.png,69.3889,70.5778,3
Sporting CP,https://cdn.sofifa.org/teams/4/light/237.png,78.9444,80.6889,4.5
Sporting Kansas City,https://cdn.sofifa.org/teams/4/light/696.png,69.5,71.9,3
Sporting Lokeren,https://cdn.sofifa.org/teams/4/light/2007.png,68.5,69.85,3
SpVgg Greuther Fürth,https://cdn.sofifa.org/teams/4/light/165.png,68.7222,70.3,3
SpVgg Unterhaching,https://cdn.sofifa.org/teams/4/light/172.png,62.4444,64.4333,2
SSV Jahn Regensburg,https://cdn.sofifa.org/teams/4/light/543.png,66.2222,67.5667,3
St. Johnstone FC,https://cdn.sofifa.org/teams/4/light/100804.png,64.7778,66.8222,3
St. Patrick's Athletic,https://cdn.sofifa.org/teams/4/light/423.png,60.1667,61.9333,1.5
Stabæk Fotball,https://cdn.sofifa.org/teams/4/light/917.png,64.8889,67.4167,3
Stade Brestois 29,https://cdn.sofifa.org/teams/4/light/378.png,68,69.2,3
Stade de Reims,https://cdn.sofifa.org/teams/4/light/379.png,69.3333,71.2667,3
Stade Rennais FC,https://cdn.sofifa.org/teams/4/light/74.png,73.2222,75.2667,3.5
Standard de Liège,https://cdn.sofifa.org/teams/4/light/232.png,72.2778,73.7556,3.5
Stevenage,https://cdn.sofifa.org/teams/4/light/361.png,60.1667,61.9667,1.5
Stoke City,https://cdn.sofifa.org/teams/4/light/1806.png,77.2222,78.7667,4.5
Strømsgodset IF,https://cdn.sofifa.org/teams/4/light/922.png,65.8889,67.9111,3
Sunderland,https://cdn.sofifa.org/teams/4/light/106.png,72.6111,74.0611,3.5
Suwon Samsung Bluewings,https://cdn.sofifa.org/teams/4/light/983.png,68.6111,71.2222,3
SV Darmstadt 98,https://cdn.sofifa.org/teams/4/light/110502.png,70.6667,72.3333,3.5
SV Mattersburg,https://cdn.sofifa.org/teams/4/light/1785.png,63.7778,65,3
SV Meppen,https://cdn.sofifa.org/teams/4/light/110597.png,61.3333,63.1667,1.5
SV Sandhausen,https://cdn.sofifa.org/teams/4/light/110178.png,68.0556,69.2222,3
SV Wehen Wiesbaden,https://cdn.sofifa.org/teams/4/light/492.png,65.2778,66.7278,3
SV Werder Bremen,https://cdn.sofifa.org/teams/4/light/38.png,74.8333,76.4,3.5
SV Zulte-Waregem,https://cdn.sofifa.org/teams/4/light/15005.png,70.0556,71.0222,3.5
Swansea City,https://cdn.sofifa.org/teams/4/light/1960.png,75.9444,77.7889,4
Swindon Town,https://cdn.sofifa.org/teams/4/light/1934.png,61.7222,64.3,1.5
Sydney FC,https://cdn.sofifa.org/teams/4/light/111400.png,67.0556,70.1,3
SønderjyskE,https://cdn.sofifa.org/teams/4/light/1447.png,65.2778,67,3
Talleres de Cordoba,https://cdn.sofifa.org/teams/4/light/112670.png,66.2222,68.3889,3
Temperley,https://cdn.sofifa.org/teams/4/light/112904.png,64.5556,66.3,3
Terek Grozny,https://cdn.sofifa.org/teams/4/light/110109.png,70.9444,72.8083,3.5
Termalica Bruk-Bet Nieciecza,https://cdn.sofifa.org/teams/4/light/112510.png,65.8333,67.4667,3
Ternana,https://cdn.sofifa.org/teams/4/light/570.png,64.1667,66.1333,3
Tiburones Rojos de Veracruz,https://cdn.sofifa.org/teams/4/light/110145.png,69.1667,70.75,3
Tigres FC,https://cdn.sofifa.org/teams/4/light/112968.png,62.7222,64.4444,2
Tigres U.A.N.L.,https://cdn.sofifa.org/teams/4/light/1970.png,73.8889,76.3,3.5
Tondela,https://cdn.sofifa.org/teams/4/light/112516.png,68.2222,69.5667,3
Torino,https://cdn.sofifa.org/teams/4/light/54.png,76.9444,78.9056,4
Toronto FC,https://cdn.sofifa.org/teams/4/light/111651.png,70.6667,73.9,3.5
Tottenham Hotspur,https://cdn.sofifa.org/teams/4/light/18.png,82.2778,84.5833,5
Toulouse FC,https://cdn.sofifa.org/teams/4/light/1809.png,74.2778,75.7556,3.5
Tours FC,https://cdn.sofifa.org/teams/4/light/110326.png,66.8333,68.3833,3
Trabzonspor,https://cdn.sofifa.org/teams/4/light/436.png,75,76.6,4
Tromsø IL,https://cdn.sofifa.org/teams/4/light/418.png,63.8889,65.0111,3
TSG 1899 Hoffenheim,https://cdn.sofifa.org/teams/4/light/10029.png,77.5,79.3,4.5
U.N.A.M.,https://cdn.sofifa.org/teams/4/light/1881.png,70.6667,73.3333,3.5
UD Almería,https://cdn.sofifa.org/teams/4/light/1861.png,70.0556,71.6167,3.5
UD Las Palmas,https://cdn.sofifa.org/teams/4/light/472.png,76.5556,78.3111,4
Udinese,https://cdn.sofifa.org/teams/4/light/55.png,74.6111,75.8611,3.5
Ulsan Hyundai Horang-i,https://cdn.sofifa.org/teams/4/light/1473.png,67.0556,69.0334,3
Unión de Santa Fe,https://cdn.sofifa.org/teams/4/light/111716.png,67.0556,68.9278,3
Unión Española,https://cdn.sofifa.org/teams/4/light/110977.png,72.8333,73.925,3.5
Universidad Católica,https://cdn.sofifa.org/teams/4/light/110975.png,74.0556,75.1167,3.5
Universidad de Chile,https://cdn.sofifa.org/teams/4/light/15029.png,74.5,75.9,3.5
Urawa Red Diamonds,https://cdn.sofifa.org/teams/4/light/111575.png,68.3889,70.1389,3
US Orléans Loiret Football,https://cdn.sofifa.org/teams/4/light/112276.png,66.0556,67.8167,3
US Quevilly-Rouen,https://cdn.sofifa.org/teams/4/light/112552.png,63.2222,64.8111,3
Valencia CF,https://cdn.sofifa.org/teams/4/light/461.png,77.8889,79.9889,4.5
Valenciennes FC,https://cdn.sofifa.org/teams/4/light/110456.png,66.6111,68.7389,3
Vålerenga Fotball,https://cdn.sofifa.org/teams/4/light/920.png,65.8333,68.0167,3
Vancouver Whitecaps FC,https://cdn.sofifa.org/teams/4/light/101112.png,70.2222,72.5667,3.5
Vegalta Sendai,https://cdn.sofifa.org/teams/4/light/112836.png,63.5,65.55,3
Vélez Sarsfield,https://cdn.sofifa.org/teams/4/light/101088.png,66.9444,69.3056,3
Ventforet Kofu,https://cdn.sofifa.org/teams/4/light/113162.png,63.3333,65.1,3
Vercelli,https://cdn.sofifa.org/teams/4/light/112398.png,63.9444,66.3889,3
VfB Stuttgart,https://cdn.sofifa.org/teams/4/light/36.png,73.7778,75.7778,3.5
VfL Bochum,https://cdn.sofifa.org/teams/4/light/160.png,70.7222,72.0278,3.5
VfL Osnabrück,https://cdn.sofifa.org/teams/4/light/487.png,65.2222,66.7,3
VfL Wolfsburg,https://cdn.sofifa.org/teams/4/light/175.png,77.8333,79.7167,4.5
VfR Aalen,https://cdn.sofifa.org/teams/4/light/550.png,65.2222,67.7,3
Viking FK,https://cdn.sofifa.org/teams/4/light/300.png,64.1111,65.9111,3
Villarreal CF,https://cdn.sofifa.org/teams/4/light/483.png,79.6667,81.5667,4.5
Virtus Entella,https://cdn.sofifa.org/teams/4/light/113147@2x.png,66.2778,68.5,3
Vissel Kobe,https://cdn.sofifa.org/teams/4/light/101146.png,69.6111,73.0222,3
Vitesse,https://cdn.sofifa.org/teams/4/light/1909.png,70.8333,73.7333,3.5
Vitória ,https://cdn.sofifa.org/teams/4/light/1719.png,67.6111,70.3222,3
Vitória Guimarães,https://cdn.sofifa.org/teams/4/light/1887.png,73.6111,75.4,3.5
Vitória Setúbal,https://cdn.sofifa.org/teams/4/light/665.png,70.6111,72.3,3.5
VVV-Venlo,https://cdn.sofifa.org/teams/4/light/100651.png,66.6667,67.9667,3
Waasland-Beveren,https://cdn.sofifa.org/teams/4/light/110913.png,67.9444,69.3,3
Walsall,https://cdn.sofifa.org/teams/4/light/1803.png,64.3333,65.8667,3
Watford,https://cdn.sofifa.org/teams/4/light/1795.png,77.5,79.05,4.5
Wellington Phoenix,https://cdn.sofifa.org/teams/4/light/111766.png,63.6111,66.1389,3
Werder Bremen II,https://cdn.sofifa.org/teams/4/light/110694.png,62,64.2,2
West Bromwich Albion,https://cdn.sofifa.org/teams/4/light/109.png,76.8889,78.7,4
West Ham United,https://cdn.sofifa.org/teams/4/light/19.png,78.5,80.25,4.5
Western Sydney Wanderers,https://cdn.sofifa.org/teams/4/light/112427.png,65.8889,68.6778,3
Wigan Athletic,https://cdn.sofifa.org/teams/4/light/1917.png,67.1111,68.1333,3
Willem II,https://cdn.sofifa.org/teams/4/light/1907.png,67.2222,68.7889,3
Wis?a Kraków,https://cdn.sofifa.org/teams/4/light/1873.png,67.8889,69.4,3
Wis?a P?ock,https://cdn.sofifa.org/teams/4/light/1569.png,64.0556,65.7278,3
Wolfsberger AC,https://cdn.sofifa.org/teams/4/light/111822.png,63.4444,64.7889,3
Wolverhampton Wanderers,https://cdn.sofifa.org/teams/4/light/110.png,73.1667,75.3333,3.5
Würzburger FV,https://cdn.sofifa.org/teams/4/light/110197.png,65.8889,67.5111,3
Wycombe Wanderers,https://cdn.sofifa.org/teams/4/light/1933.png,63.1111,64.7222,3
Yeovil Town,https://cdn.sofifa.org/teams/4/light/346.png,60.6667,62.9333,1.5
Yokohama F. Marinos,https://cdn.sofifa.org/teams/4/light/101151.png,65.6111,68.2,3
Zag??bie Lubin,https://cdn.sofifa.org/teams/4/light/110749.png,66.3333,67.3333,3
Zenit St. Petersburg,https://cdn.sofifa.org/teams/4/light/100769.png,77.7222,79.3,4.5